vault_en_path	site_url	flagged_terms	chars
Authors/Chesterton/Atomized/New_Jerusalem/Chapter_05/part_07.md	https://gborghi.github.io/raccolta-letteratura-inglese/testi/chesterton/atomized/new-jerusalem#chapter-05--part-07	hottentot	4593
Authors/Chesterton/Atomized/New_Jerusalem/Chapter_11/part_01.md	https://gborghi.github.io/raccolta-letteratura-inglese/testi/chesterton/atomized/new-jerusalem#chapter-11--part-01	chinamen	8343
Authors/Chesterton/Atomized/Poems/part/part_05.md	https://gborghi.github.io/raccolta-letteratura-inglese/testi/chesterton/atomized/poems#part--part-05	chinamen	15014
Authors/Chesterton/Atomized/Poems/part/part_06.md	https://gborghi.github.io/raccolta-letteratura-inglese/testi/chesterton/atomized/poems#part--part-06	niggards	15017
Authors/Chesterton/Atomized/Poems/part/part_08.md	https://gborghi.github.io/raccolta-letteratura-inglese/testi/chesterton/atomized/poems#part--part-08	redskin	14955
Authors/Chesterton/Atomized/Poet_and_Lunatics/Story_02_THE_YELLOW_BIRD/part_02.md	https://gborghi.github.io/raccolta-letteratura-inglese/testi/chesterton/atomized/poet-and-lunatics#story-02-the-yellow-bird--part-02	yellow peril	6277
Authors/Chesterton/Atomized/Robert_Browning/Chapter_01/part_01.md	https://gborghi.github.io/raccolta-letteratura-inglese/testi/chesterton/atomized/robert-browning#chapter-01--part-01	negro	6472
Authors/Chesterton/Atomized/Robert_Browning/Chapter_01/part_02.md	https://gborghi.github.io/raccolta-letteratura-inglese/testi/chesterton/atomized/robert-browning#chapter-01--part-02	negro,red indian	7071
Authors/Chesterton/Atomized/Sanity/Story_07_THE_SIMPLE_Truth_TRUTH/part_02.md	https://gborghi.github.io/raccolta-letteratura-inglese/testi/chesterton/atomized/sanity#story-07-the-simple-truth-truth--part-02	negroes	4824
Authors/Chesterton/Atomized/Sanity/Story_13_THE_HOLIDAY_OF_THE_SLAVE/part_01.md	https://gborghi.github.io/raccolta-letteratura-inglese/testi/chesterton/atomized/sanity#story-13-the-holiday-of-the-slave--part-01	red indian	6858
Authors/Chesterton/Atomized/Sanity/Story_16_THE_RELIGION_OF_SMALL_PROPERTY/part_03.md	https://gborghi.github.io/raccolta-letteratura-inglese/testi/chesterton/atomized/sanity#story-16-the-religion-of-small-property--part-03	redskin	7158
Authors/Chesterton/Atomized/Shaw/Story_03_THE_IRISHMAN/part_03.md	https://gborghi.github.io/raccolta-letteratura-inglese/testi/chesterton/atomized/shaw#story-03-the-irishman--part-03	red indian	5916
Authors/Chesterton/Atomized/Shaw/Story_05_THE_PROGRESSIVE/part_06.md	https://gborghi.github.io/raccolta-letteratura-inglese/testi/chesterton/atomized/shaw#story-05-the-progressive--part-06	nigger	7602
Authors/Chesterton/Atomized/Shaw/Story_09_THE_LATER_PHASES/part_01.md	https://gborghi.github.io/raccolta-letteratura-inglese/testi/chesterton/atomized/shaw#story-09-the-later-phases--part-01	negro,negroes	6959
Authors/Chesterton/Atomized/Shaw/Story_09_THE_LATER_PHASES/part_05.md	https://gborghi.github.io/raccolta-letteratura-inglese/testi/chesterton/atomized/shaw#story-09-the-later-phases--part-05	negro	8110
Authors/Chesterton/Atomized/Spice_Of_Life/Chapter_05_AT_HOME_AND_ABROAD/part_06.md	https://gborghi.github.io/raccolta-letteratura-inglese/testi/chesterton/atomized/spice-of-life#chapter-05-at-home-and-abroad--part-06	negro	6615
Authors/Chesterton/Atomized/St_Francis/Chapter_09/part_02.md	https://gborghi.github.io/raccolta-letteratura-inglese/testi/chesterton/atomized/st-francis#chapter-09--part-02	red indian	6587
Authors/Chesterton/Atomized/TheAppOfTyranny/Chapter_02/part_02.md	https://gborghi.github.io/raccolta-letteratura-inglese/testi/chesterton/atomized/theappoftyranny#chapter-02--part-02	chinaman,red indian	8178
Authors/Chesterton/Atomized/TheAppOfTyranny/Chapter_03/part_02.md	https://gborghi.github.io/raccolta-letteratura-inglese/testi/chesterton/atomized/theappoftyranny#chapter-03--part-02	yellow peril	6108
Authors/Chesterton/Atomized/TheAppOfTyranny/Chapter_03/part_03.md	https://gborghi.github.io/raccolta-letteratura-inglese/testi/chesterton/atomized/theappoftyranny#chapter-03--part-03	chinaman,hottentot,nigger	4593
Authors/Chesterton/Atomized/TheAppOfTyranny/Chapter_04/part_01.md	https://gborghi.github.io/raccolta-letteratura-inglese/testi/chesterton/atomized/theappoftyranny#chapter-04--part-01	negro	6062
Authors/Chesterton/Atomized/TheAppOfTyranny/Chapter_04/part_02.md	https://gborghi.github.io/raccolta-letteratura-inglese/testi/chesterton/atomized/theappoftyranny#chapter-04--part-02	niggers	8197
Authors/Chesterton/Atomized/TheAppOfTyranny/Chapter_05/part_01.md	https://gborghi.github.io/raccolta-letteratura-inglese/testi/chesterton/atomized/theappoftyranny#chapter-05--part-01	negroes	6054
Authors/Chesterton/Atomized/TheAppOfTyranny/Chapter_05/part_04.md	https://gborghi.github.io/raccolta-letteratura-inglese/testi/chesterton/atomized/theappoftyranny#chapter-05--part-04	hottentot	6082
Authors/Chesterton/Atomized/TheAppOfTyranny/Chapter_05/part_07.md	https://gborghi.github.io/raccolta-letteratura-inglese/testi/chesterton/atomized/theappoftyranny#chapter-05--part-07	chinaman,negro,niggers	6057
Authors/Chesterton/Atomized/TheAppOfTyranny/Chapter_05/part_08.md	https://gborghi.github.io/raccolta-letteratura-inglese/testi/chesterton/atomized/theappoftyranny#chapter-05--part-08	negroes	6072
Authors/Chesterton/Atomized/TheCrimesOfEngland/Chapter_10/part_01.md	https://gborghi.github.io/raccolta-letteratura-inglese/testi/chesterton/atomized/thecrimesofengland#chapter-10--part-01	negroes	6058
Authors/Chesterton/Atomized/TheCrimesOfEngland/Chapter_10/part_12.md	https://gborghi.github.io/raccolta-letteratura-inglese/testi/chesterton/atomized/thecrimesofengland#chapter-10--part-12	chinaman	6057
Authors/Chesterton/Atomized/TheCrimesOfEngland/Chapter_10/part_13.md	https://gborghi.github.io/raccolta-letteratura-inglese/testi/chesterton/atomized/thecrimesofengland#chapter-10--part-13	red indian	6074
Authors/Chesterton/Atomized/TheCrimesOfEngland/Chapter_10/part_19.md	https://gborghi.github.io/raccolta-letteratura-inglese/testi/chesterton/atomized/thecrimesofengland#chapter-10--part-19	red indian	6079
Authors/Chesterton/Atomized/The_Defendant/Story_04_A_DEFENCE_OF_RASH_VOWS.md	https://gborghi.github.io/raccolta-letteratura-inglese/testi/chesterton/atomized/the-defendant#story-04-a-defence-of-rash-vows	negro	11244
Authors/Chesterton/Atomized/The_Flying_Inn/Chapter_01_A_SERMON_ON_INNS/part_01.md	https://gborghi.github.io/raccolta-letteratura-inglese/testi/chesterton/atomized/the-flying-inn#chapter-01-a-sermon-on-inns--part-01	niggers	6104
Authors/Chesterton/Atomized/The_Flying_Inn/Chapter_07_THE_SOCIETY_OF_SIMPLE_SOULS/part_02.md	https://gborghi.github.io/raccolta-letteratura-inglese/testi/chesterton/atomized/the-flying-inn#chapter-07-the-society-of-simple-souls--part-02	negro	6358
Authors/Chesterton/Atomized/The_Flying_Inn/Chapter_11_VEGETARIANISM_IN_THE_DRAWING_R/part_04.md	https://gborghi.github.io/raccolta-letteratura-inglese/testi/chesterton/atomized/the-flying-inn#chapter-11-vegetarianism-in-the-drawing-r--part-04	coon	4906
Authors/Chesterton/Atomized/The_Flying_Inn/Chapter_12_VEGETARIANISM_IN_THE_FOREST/part_03.md	https://gborghi.github.io/raccolta-letteratura-inglese/testi/chesterton/atomized/the-flying-inn#chapter-12-vegetarianism-in-the-forest--part-03	negro	6098
Authors/Chesterton/Atomized/The_Flying_Inn/Chapter_15_THE_songs_SONGS_OF_THE_CAR_CLU/part_02.md	https://gborghi.github.io/raccolta-letteratura-inglese/testi/chesterton/atomized/the-flying-inn#chapter-15-the-songs-songs-of-the-car-clu--part-02	nigger	6868
Authors/Chesterton/Atomized/The_Flying_Inn/Chapter_24_THE_ENIGMAS_OF_LADY_JOAN/part_03.md	https://gborghi.github.io/raccolta-letteratura-inglese/testi/chesterton/atomized/the-flying-inn#chapter-24-the-enigmas-of-lady-joan--part-03	nigger	6203
Authors/Chesterton/Atomized/The_Glass_Walking_Stick/Story_10_The_National_Anthem/part_05.md	https://gborghi.github.io/raccolta-letteratura-inglese/testi/chesterton/atomized/the-glass-walking-stick#story-10-the-national-anthem--part-05	chinamen	4891
Authors/Chesterton/Atomized/The_Glass_Walking_Stick/Story_20_The_Rights_Of_Ritual.md	https://gborghi.github.io/raccolta-letteratura-inglese/testi/chesterton/atomized/the-glass-walking-stick#story-20-the-rights-of-ritual	chinaman	7364
Authors/Chesterton/Atomized/The_Thing/Story_02_Is_HUMANISM_A_RELIGION/part_01.md	https://gborghi.github.io/raccolta-letteratura-inglese/testi/chesterton/atomized/the-thing#story-02-is-humanism-a-religion--part-01	negro	6572
Authors/Chesterton/Atomized/The_Thing/Story_02_Is_HUMANISM_A_RELIGION/part_02.md	https://gborghi.github.io/raccolta-letteratura-inglese/testi/chesterton/atomized/the-thing#story-02-is-humanism-a-religion--part-02	negro	7962
Authors/Chesterton/Atomized/The_Thing/Story_10_THE_EARLY_BIRD_IN_history_HISTORY/part_02.md	https://gborghi.github.io/raccolta-letteratura-inglese/testi/chesterton/atomized/the-thing#story-10-the-early-bird-in-history-history--part-02	red indian	7467
Authors/Chesterton/Atomized/The_Thing/Story_21_ON_Courage_COURAGE_AND_INDEPENDENCE/part_01.md	https://gborghi.github.io/raccolta-letteratura-inglese/testi/chesterton/atomized/the-thing#story-21-on-courage-courage-and-independence--part-01	niggardly	6754
Authors/Chesterton/Atomized/The_Thing/Story_22_THE_NORDIC_HINDOO/part_01.md	https://gborghi.github.io/raccolta-letteratura-inglese/testi/chesterton/atomized/the-thing#story-22-the-nordic-hindoo--part-01	chinamen	6260
Authors/Chesterton/Atomized/The_Thing/Story_33_THE_SPIRIT_OF_CHRISTMAS/part_01.md	https://gborghi.github.io/raccolta-letteratura-inglese/testi/chesterton/atomized/the-thing#story-33-the-spirit-of-christmas--part-01	negro	7142
Authors/Chesterton/Atomized/The_Thing/Story_33_THE_SPIRIT_OF_CHRISTMAS/part_02.md	https://gborghi.github.io/raccolta-letteratura-inglese/testi/chesterton/atomized/the-thing#story-33-the-spirit-of-christmas--part-02	redskin	5481
Authors/Chesterton/Atomized/The_Uses_of_Diversity/Story_05_The_Domesticity_of_Detectives.md	https://gborghi.github.io/raccolta-letteratura-inglese/testi/chesterton/atomized/the-uses-of-diversity#story-05-the-domesticity-of-detectives	yellow peril	8837
Authors/Chesterton/Atomized/The_Uses_of_Diversity/Story_07_The_Irishman.md	https://gborghi.github.io/raccolta-letteratura-inglese/testi/chesterton/atomized/the-uses-of-diversity#story-07-the-irishman	chinaman,chinamen	7495
Authors/Chesterton/Atomized/The_Uses_of_Diversity/Story_11_The_Lawlessness_of_Lawyers.md	https://gborghi.github.io/raccolta-letteratura-inglese/testi/chesterton/atomized/the-uses-of-diversity#story-11-the-lawlessness-of-lawyers	negroes	10373
Authors/Chesterton/Atomized/The_Uses_of_Diversity/Story_20_The_Silver_Goblets.md	https://gborghi.github.io/raccolta-letteratura-inglese/testi/chesterton/atomized/the-uses-of-diversity#story-20-the-silver-goblets	negro,negroes,red indian	7453
Authors/Chesterton/Atomized/The_Uses_of_Diversity/Story_34_On_Historical_Novels.md	https://gborghi.github.io/raccolta-letteratura-inglese/testi/chesterton/atomized/the-uses-of-diversity#story-34-on-historical-novels	negro	6790
Authors/Chesterton/Atomized/Tremendous_Trifles/Chapter_10.md	https://gborghi.github.io/raccolta-letteratura-inglese/testi/chesterton/atomized/tremendous-trifles#chapter-10	chinaman	7323
Authors/Chesterton/Atomized/Tremendous_Trifles/Chapter_14.md	https://gborghi.github.io/raccolta-letteratura-inglese/testi/chesterton/atomized/tremendous-trifles#chapter-14	niggers	6980
Authors/Chesterton/Atomized/Tremendous_Trifles/Chapter_18.md	https://gborghi.github.io/raccolta-letteratura-inglese/testi/chesterton/atomized/tremendous-trifles#chapter-18	negro	8150
Authors/Chesterton/Atomized/Tremendous_Trifles/Chapter_19.md	https://gborghi.github.io/raccolta-letteratura-inglese/testi/chesterton/atomized/tremendous-trifles#chapter-19	nigger	7227
Authors/Chesterton/Atomized/Tremendous_Trifles/Chapter_20.md	https://gborghi.github.io/raccolta-letteratura-inglese/testi/chesterton/atomized/tremendous-trifles#chapter-20	chinaman	8893
Authors/Chesterton/Atomized/Tremendous_Trifles/Chapter_38.md	https://gborghi.github.io/raccolta-letteratura-inglese/testi/chesterton/atomized/tremendous-trifles#chapter-38	negro	9269
Authors/Chesterton/Atomized/UtopiaUsurers/Story_05_Art_and_Advertisement.md	https://gborghi.github.io/raccolta-letteratura-inglese/testi/chesterton/atomized/utopiausurers#story-05-art-and-advertisement	chinamen,negro	6820
Authors/Chesterton/Atomized/UtopiaUsurers/Story_13_THE_MASK_OF_SOCIALISM/part_05.md	https://gborghi.github.io/raccolta-letteratura-inglese/testi/chesterton/atomized/utopiausurers#story-13-the-mask-of-socialism--part-05	negro,negroes	6101
Authors/Chesterton/Atomized/Victorian_Age/Chapter_01/part_03.md	https://gborghi.github.io/raccolta-letteratura-inglese/testi/chesterton/atomized/victorian-age#chapter-01--part-03	negro	6070
Authors/Chesterton/Atomized/Victorian_Age/Chapter_01/part_11.md	https://gborghi.github.io/raccolta-letteratura-inglese/testi/chesterton/atomized/victorian-age#chapter-01--part-11	nigger	6085
Authors/Chesterton/Atomized/What_is_Right_With_the_World/part/part_01.md	https://gborghi.github.io/raccolta-letteratura-inglese/testi/chesterton/atomized/what-is-right-with-the-world#part--part-01	red indian	6491
Authors/Chesterton/Atomized/Wild_Ducks/Story_41_ON_REFLECTION/part_01.md	https://gborghi.github.io/raccolta-letteratura-inglese/testi/chesterton/atomized/wild-ducks#story-41-on-reflection--part-01	red indian	6619
Authors/Chesterton/Atomized/William_Cobbett/Chapter_07/part_01.md	https://gborghi.github.io/raccolta-letteratura-inglese/testi/chesterton/atomized/william-cobbett#chapter-07--part-01	nigger,niggers	6058
Authors/Chesterton/Atomized/alarms_and_discursions/Chapter_03/part_10.md	https://gborghi.github.io/raccolta-letteratura-inglese/testi/chesterton/atomized/alarms-and-discursions#chapter-03--part-10	red indian	6609
Authors/Chesterton/Atomized/alarms_and_discursions/Chapter_03/part_20.md	https://gborghi.github.io/raccolta-letteratura-inglese/testi/chesterton/atomized/alarms-and-discursions#chapter-03--part-20	negro	6560
Authors/Chesterton/Atomized/alarms_and_discursions/Chapter_03/part_30.md	https://gborghi.github.io/raccolta-letteratura-inglese/testi/chesterton/atomized/alarms-and-discursions#chapter-03--part-30	niggard	6248
Authors/Chesterton/Atomized/america/part/part_01.md	https://gborghi.github.io/raccolta-letteratura-inglese/testi/chesterton/atomized/america#part--part-01	chinaman,chinamen,negro	7272
Authors/Chesterton/Atomized/america/part/part_03.md	https://gborghi.github.io/raccolta-letteratura-inglese/testi/chesterton/atomized/america#part--part-03	red indian	6303
Authors/Chesterton/Atomized/aquinas/Chapter_05/part_01.md	https://gborghi.github.io/raccolta-letteratura-inglese/testi/chesterton/atomized/aquinas#chapter-05--part-01	chinaman	6444
Authors/Chesterton/Atomized/ball_and_cross/Story_05_The_Other_Philosopher/part_03.md	https://gborghi.github.io/raccolta-letteratura-inglese/testi/chesterton/atomized/ball-and-cross#story-05-the-other-philosopher--part-03	negro	6196
Authors/Chesterton/Atomized/ball_and_cross/Story_05_The_Other_Philosopher/part_04.md	https://gborghi.github.io/raccolta-letteratura-inglese/testi/chesterton/atomized/ball-and-cross#story-05-the-other-philosopher--part-04	red indian	7133
Authors/Chesterton/Atomized/ball_and_cross/Story_10_A_Scandal_in_the_Village/part_07.md	https://gborghi.github.io/raccolta-letteratura-inglese/testi/chesterton/atomized/ball-and-cross#story-10-a-scandal-in-the-village--part-07	nigger	6075
Authors/Chesterton/Atomized/ball_and_cross/Story_10_A_Scandal_in_the_Village/part_08.md	https://gborghi.github.io/raccolta-letteratura-inglese/testi/chesterton/atomized/ball-and-cross#story-10-a-scandal-in-the-village--part-08	nigger	6754
Authors/Chesterton/Atomized/conversion/Chapter_03_THE_REAL_OBSTACLES/part_04.md	https://gborghi.github.io/raccolta-letteratura-inglese/testi/chesterton/atomized/conversion#chapter-03-the-real-obstacles--part-04	chinaman,chinamen,hottentot	9000
Authors/Chesterton/Atomized/divorce/Chapter_05/part_01.md	https://gborghi.github.io/raccolta-letteratura-inglese/testi/chesterton/atomized/divorce#chapter-05--part-01	negroes,nigger,niggers	6365
Authors/Chesterton/Atomized/history/Chapter_02/part_01.md	https://gborghi.github.io/raccolta-letteratura-inglese/testi/chesterton/atomized/history#chapter-02--part-01	negroes	7899
Authors/Chesterton/Atomized/history/Chapter_07/part_03.md	https://gborghi.github.io/raccolta-letteratura-inglese/testi/chesterton/atomized/history#chapter-07--part-03	negroes	7212
Authors/Chesterton/Atomized/history/Chapter_08/part_03.md	https://gborghi.github.io/raccolta-letteratura-inglese/testi/chesterton/atomized/history#chapter-08--part-03	negro,negroes	7238
Authors/Chesterton/Atomized/history/Chapter_14/part_02.md	https://gborghi.github.io/raccolta-letteratura-inglese/testi/chesterton/atomized/history#chapter-14--part-02	hottentot	6261
Authors/Chesterton/Atomized/history/Chapter_15/part_02.md	https://gborghi.github.io/raccolta-letteratura-inglese/testi/chesterton/atomized/history#chapter-15--part-02	chinaman	9435
Authors/Chesterton/Atomized/longbow2/Chapter_02/part_07.md	https://gborghi.github.io/raccolta-letteratura-inglese/testi/chesterton/atomized/longbow2#chapter-02--part-07	nigger	7421
Authors/Chesterton/Atomized/longbow2/Chapter_03/part_02.md	https://gborghi.github.io/raccolta-letteratura-inglese/testi/chesterton/atomized/longbow2#chapter-03--part-02	chinaman	6098
Authors/Chesterton/Atomized/longbow2/Chapter_05/part_02.md	https://gborghi.github.io/raccolta-letteratura-inglese/testi/chesterton/atomized/longbow2#chapter-05--part-02	red indian	6051
Authors/Chesterton/Atomized/longbow2/Chapter_05/part_03.md	https://gborghi.github.io/raccolta-letteratura-inglese/testi/chesterton/atomized/longbow2#chapter-05--part-03	red indian	6766
Authors/Chesterton/Atomized/longbow2/Chapter_08/part_06.md	https://gborghi.github.io/raccolta-letteratura-inglese/testi/chesterton/atomized/longbow2#chapter-08--part-06	chinaman	6155
Authors/Chesterton/Atomized/manalive/Chapter_01/part_02.md	https://gborghi.github.io/raccolta-letteratura-inglese/testi/chesterton/atomized/manalive#chapter-01--part-02	negro	6959
Authors/Chesterton/Atomized/manalive/Chapter_02/part_04.md	https://gborghi.github.io/raccolta-letteratura-inglese/testi/chesterton/atomized/manalive#chapter-02--part-04	coon,darkies	4904
Authors/Chesterton/Atomized/manalive/Chapter_04/part_01.md	https://gborghi.github.io/raccolta-letteratura-inglese/testi/chesterton/atomized/manalive#chapter-04--part-01	red indian	6333
Authors/Chesterton/Atomized/manalive/Chapter_05/part_05.md	https://gborghi.github.io/raccolta-letteratura-inglese/testi/chesterton/atomized/manalive#chapter-05--part-05	negro	6095
Authors/Chesterton/Atomized/manalive/Chapter_09/part_05.md	https://gborghi.github.io/raccolta-letteratura-inglese/testi/chesterton/atomized/manalive#chapter-09--part-05	red indian	6565
Authors/Chesterton/Atomized/misc/Story_01_THE_SUFFRAGIST.md	https://gborghi.github.io/raccolta-letteratura-inglese/testi/chesterton/atomized/misc#story-01-the-suffragist	negroes	8609
Authors/Chesterton/Atomized/misc/Story_17_THE_SECTARIAN_OF_SOCIETY.md	https://gborghi.github.io/raccolta-letteratura-inglese/testi/chesterton/atomized/misc#story-17-the-sectarian-of-society	nigger	7701
Authors/Chesterton/Atomized/misc/Story_28_THE_FALSE_PHOTOGRAPHER.md	https://gborghi.github.io/raccolta-letteratura-inglese/testi/chesterton/atomized/misc#story-28-the-false-photographer	nigger	6733
Authors/Chesterton/Atomized/shop-of-ghosts/part/part_01.md	https://gborghi.github.io/raccolta-letteratura-inglese/testi/chesterton/atomized/shop-of-ghosts#part--part-01	negro	5735
Authors/Chesterton/Atomized/trees_of_pride/Story_03_THE_TALE_OF_THE_PEACOCK_TREES/part_03.md	https://gborghi.github.io/raccolta-letteratura-inglese/testi/chesterton/atomized/trees-of-pride#story-03-the-tale-of-the-peacock-trees--part-03	nigger	6129
Authors/Chesterton/Atomized/trees_of_pride/Story_03_THE_TALE_OF_THE_PEACOCK_TREES/part_05.md	https://gborghi.github.io/raccolta-letteratura-inglese/testi/chesterton/atomized/trees-of-pride#story-03-the-tale-of-the-peacock-trees--part-05	negro	6163
Authors/Chesterton/Atomized/whats_wrong/Chapter_06/part_05.md	https://gborghi.github.io/raccolta-letteratura-inglese/testi/chesterton/atomized/whats-wrong#chapter-06--part-05	yellow peril	9605
Authors/Chesterton/Atomized/whats_wrong/Chapter_07/part_06.md	https://gborghi.github.io/raccolta-letteratura-inglese/testi/chesterton/atomized/whats-wrong#chapter-07--part-06	negro	6405
Authors/Chesterton/Atomized/whats_wrong/Chapter_09/part_01.md	https://gborghi.github.io/raccolta-letteratura-inglese/testi/chesterton/atomized/whats-wrong#chapter-09--part-01	niggers	7202
Authors/Chesterton/Atomized/New_Jerusalem/Chapter_13/part_08.md	https://gborghi.github.io/raccolta-letteratura-inglese/testi/chesterton/atomized/new-jerusalem#chapter-13--part-08	jews (antisemitism)	7296
Authors/Chesterton/Atomized/Robert_Louis_Stevenson/Chapter_02/part_01.md	https://gborghi.github.io/raccolta-letteratura-inglese/testi/chesterton/atomized/robert-louis-stevenson#chapter-02--part-01	false-positive filter (benign essay)	9047
